idUser;nameUser;snameUser;age;totalSpent;emailUser;phoneNumb;gender;fk_user_to_role;History;registerDate
1;Sara;Stroynovskaya;55;3021;SaraStroynovskayagmail.com;(+380)-66-689-3517;0;2;"The registered user made  8 sales for last 4 month.Total price:3021";4/8/2011
2;Enriketta;Goronovich;16;6612;EnrikettaGoronovichgmail.com;(+380)-43-981-7661;1;3;"The unregistered user made sales for price:6612";2/23/2011
3;Kyara;Annenkova;35;2778;KyaraAnnenkovagmail.com;(+380)-37-984-9845;1;2;"The registered user made  3 sales for last 7 month.Total price:2778";9/24/2005
4;Valentina;Vishneveczkaya;24;5972;ValentinaVishneveczkayagmail.com;(+380)-68-856-3674;1;2;"The registered user made  4 sales for last 5 month.Total price:5972";4/9/2012
5;Dzheraldina;Bolkunova;86;978;DzheraldinaBolkunovagmail.com;(+380)-71-537-5156;1;3;"The unregistered user made sales for price:978";8/8/2000
6;Albina;Buturlina;57;6462;AlbinaButurlinagmail.com;(+380)-16-474-6224;0;2;"The registered user made  7 sales for last 3 month.Total price:6462";7/23/2013
7;Marianna;Paleczkaya;53;2735;MariannaPaleczkayagmail.com;(+380)-88-265-5516;0;3;"The unregistered user made sales for price:2735";7/21/2019
8;Leticziya;Steczkaya;65;2184;LeticziyaSteczkayagmail.com;(+380)-64-113-9233;0;3;"The unregistered user made sales for price:2184";6/12/2015
9;Veronika;Kuzmina;48;5363;VeronikaKuzminagmail.com;(+380)-61-928-7576;1;3;"The unregistered user made sales for price:5363";4/22/2016
10;Albina;Zubatova;76;4434;AlbinaZubatovagmail.com;(+380)-33-449-4635;1;3;"The unregistered user made sales for price:4434";5/17/2019
11;Alessiya;Mikulina;24;1623;AlessiyaMikulinagmail.com;(+380)-21-161-7431;0;3;"The unregistered user made sales for price:1623";4/25/2004
12;Virdzhiniya;Sibirskaya;44;4709;VirdzhiniyaSibirskayagmail.com;(+380)-35-144-6976;1;2;"The registered user made  0 sales for last 6 month.Total price:4709";2/5/2015
13;Rossana;Ostrozhskaya;23;375;RossanaOstrozhskayagmail.com;(+380)-41-257-5513;1;3;"The unregistered user made sales for price:375";12/9/2019
14;Gabriella;Afanasenko;92;866;GabriellaAfanasenkogmail.com;(+380)-99-545-4677;1;2;"The registered user made  2 sales for last 7 month.Total price:866";8/13/2020
15;Dzhovanna;Vasilchikova;87;3268;DzhovannaVasilchikovagmail.com;(+380)-62-364-2279;1;2;"The registered user made  5 sales for last 11 month.Total price:3268";6/22/2019
16;Mirella;Cherkasskaya;77;5251;MirellaCherkasskayagmail.com;(+380)-97-114-6157;0;2;"The registered user made  6 sales for last 4 month.Total price:5251";6/12/2018
17;Dzhovanna;Stoczkaya;48;2246;DzhovannaStoczkayagmail.com;(+380)-18-598-9891;1;3;"The unregistered user made sales for price:2246";12/7/2013
18;Patricziya;Vodynskaya;63;7211;PatricziyaVodynskayagmail.com;(+380)-63-797-5969;0;2;"The registered user made  6 sales for last 3 month.Total price:7211";3/1/2011
19;Gabriella;Chufarovskaya;34;6418;GabriellaChufarovskayagmail.com;(+380)-29-113-1456;1;3;"The unregistered user made sales for price:6418";4/8/2011
20;Alessiya;Czimmerman;36;8541;AlessiyaCzimmermangmail.com;(+380)-63-391-9474;1;3;"The unregistered user made sales for price:8541";1/26/2008
21;Annunchiata;Gorodchikova;48;5797;AnnunchiataGorodchikovagmail.com;(+380)-35-163-1235;0;3;"The unregistered user made sales for price:5797";11/21/2018
22;Paolina;Okulova;85;1242;PaolinaOkulovagmail.com;(+380)-53-483-1653;1;2;"The registered user made  10 sales for last 11 month.Total price:1242";8/10/2013
23;Aureliana;Davydova;52;6677;AurelianaDavydovagmail.com;(+380)-76-243-5283;1;2;"The registered user made  8 sales for last 8 month.Total price:6677";1/4/2016
24;Margerita;Lermontova;44;968;MargeritaLermontovagmail.com;(+380)-86-892-2254;1;3;"The unregistered user made sales for price:968";10/11/2010
25;Violetta;Eropkina;68;7931;ViolettaEropkinagmail.com;(+380)-25-788-7159;1;3;"The unregistered user made sales for price:7931";3/7/2009
26;Barbara;Sukovkina;57;2298;BarbaraSukovkinagmail.com;(+380)-25-152-4651;0;2;"The registered user made  1 sales for last 10 month.Total price:2298";9/20/2007
27;Lorencza;Shubina;86;5825;LorenczaShubinagmail.com;(+380)-42-475-2316;1;3;"The unregistered user made sales for price:5825";8/20/2000
28;Mikela;Kartashevskaya;18;6984;MikelaKartashevskayagmail.com;(+380)-28-858-9777;0;2;"The registered user made  9 sales for last 11 month.Total price:6984";8/20/2005
29;Mariya;Loganova;30;6800;MariyaLoganovagmail.com;(+380)-26-697-9269;1;3;"The unregistered user made sales for price:6800";6/11/2008
30;Andzhela;Akulova;44;944;AndzhelaAkulovagmail.com;(+380)-75-432-7197;0;2;"The registered user made  3 sales for last 7 month.Total price:944";7/7/2018
31;Dzhuliana;Zvarykina;76;7003;DzhulianaZvarykinagmail.com;(+380)-24-384-1519;1;3;"The unregistered user made sales for price:7003";8/22/2012
32;Anna;Troiczyn;70;6853;AnnaTroiczyngmail.com;(+380)-88-577-9989;1;2;"The registered user made  8 sales for last 3 month.Total price:6853";11/6/2017
33;Annaliza;Yakubovich;96;7117;AnnalizaYakubovichgmail.com;(+380)-48-889-2875;0;3;"The unregistered user made sales for price:7117";11/25/2014
34;Ottaviya;Venyukova;41;2307;OttaviyaVenyukovagmail.com;(+380)-71-237-2389;0;3;"The unregistered user made sales for price:2307";11/7/2007
35;Nikolina;Pisareva;65;9285;NikolinaPisarevagmail.com;(+380)-17-524-1446;0;2;"The registered user made  8 sales for last 12 month.Total price:9285";8/15/2005
36;Evelina;Golovnya;88;2816;EvelinaGolovnyagmail.com;(+380)-32-969-3545;1;2;"The registered user made  9 sales for last 3 month.Total price:2816";11/17/2007
37;Karla;Arendt;94;4860;KarlaArendtgmail.com;(+380)-98-839-4698;1;2;"The registered user made  0 sales for last 3 month.Total price:4860";3/28/2005
38;Assunta;Belyaeva;46;2189;AssuntaBelyaevagmail.com;(+380)-89-891-7722;0;2;"The registered user made  9 sales for last 7 month.Total price:2189";2/4/2001
39;Daniela;Korolenko;60;5819;DanielaKorolenkogmail.com;(+380)-37-586-8499;0;3;"The unregistered user made sales for price:5819";6/11/2008
40;Korneliya;Kriger;22;849;KorneliyaKrigergmail.com;(+380)-64-945-8962;0;2;"The registered user made  5 sales for last 1 month.Total price:849";8/25/2008
41;Albana;Basargina;73;2306;AlbanaBasarginagmail.com;(+380)-61-138-6762;1;3;"The unregistered user made sales for price:2306";12/18/2016
42;Silvana;Shishmaryova;66;2031;SilvanaShishmaryovagmail.com;(+380)-88-182-1265;0;2;"The registered user made  6 sales for last 5 month.Total price:2031";1/15/2016
43;Lorencza;Kashina;33;2274;LorenczaKashinagmail.com;(+380)-35-763-6816;0;2;"The registered user made  2 sales for last 11 month.Total price:2274";11/16/2013
44;Annunchiata;Kreycz;23;325;AnnunchiataKreyczgmail.com;(+380)-15-898-8698;1;2;"The registered user made  9 sales for last 8 month.Total price:325";7/17/2011
45;Margerita;Moiseeva;26;7768;MargeritaMoiseevagmail.com;(+380)-66-366-2312;1;3;"The unregistered user made sales for price:7768";6/21/2009
46;Ilariya;Czygalskaya;47;954;IlariyaCzygalskayagmail.com;(+380)-14-228-5613;1;2;"The registered user made  7 sales for last 3 month.Total price:954";10/27/2009
47;Flaviya;Kalechiczkaya;27;2450;FlaviyaKalechiczkayagmail.com;(+380)-63-271-3612;1;2;"The registered user made  8 sales for last 4 month.Total price:2450";1/22/2000
48;Benedetta;Galiczkaya;34;2987;BenedettaGaliczkayagmail.com;(+380)-96-675-1813;0;2;"The registered user made  3 sales for last 9 month.Total price:2987";7/2/2008
49;Tereza;Lipkovskaya;52;5251;TerezaLipkovskayagmail.com;(+380)-61-994-8188;1;2;"The registered user made  8 sales for last 2 month.Total price:5251";1/1/2004
50;Marta;Rtishheva;20;5881;MartaRtishhevagmail.com;(+380)-34-228-5551;0;2;"The registered user made  7 sales for last 11 month.Total price:5881";6/2/2016
51;Piers;Pitts;48;4278.8;PiersPitts8gmail.com;(+380)-16-732-8777;1;2;"The registered user made  7 sales for last 9 month.Total price:4278.8";11/2/2010
52;Anthony;Gardner;25;1608.3;AnthonyGardner6gmail.com;(+380)-92-134-3237;1;2;"The registered user made  5 sales for last 6 month.Total price:1608.3";7/7/2010
53;Robert;Lewis;96;3835.6;RobertLewis3gmail.com;(+380)-65-488-9222;0;2;"The registered user made  1 sales for last 9 month.Total price:3835.6";3/20/2013
54;Horatio;Lindsey;40;4019.7;HoratioLindsey5gmail.com;(+380)-79-723-6532;1;2;"The registered user made  1 sales for last 12 month.Total price:4019.7";9/28/2010
55;Jacob;Green;31;2118.2;JacobGreen5gmail.com;(+380)-17-855-1429;1;3;"The unregistered user made sales for price:2118.2";4/19/2002
56;Justin;Barton;54;4111.3;JustinBarton6gmail.com;(+380)-12-986-7145;1;3;"The unregistered user made sales for price:4111.3";9/22/2010
57;Rodger;Cobb;38;1898.8;RodgerCobb2gmail.com;(+380)-61-881-9286;1;3;"The unregistered user made sales for price:1898.8";11/20/2015
58;Steven;Sanders;97;4949.4;StevenSanders2gmail.com;(+380)-48-155-5537;1;3;"The unregistered user made sales for price:4949.4";1/18/2006
59;Malcolm;Rose;20;1612.3;MalcolmRose4gmail.com;(+380)-94-218-7866;0;2;"The registered user made  7 sales for last 11 month.Total price:1612.3";11/14/2000
60;Shawn;Waters;44;8550.2;ShawnWaters5gmail.com;(+380)-88-139-2968;1;2;"The registered user made  3 sales for last 4 month.Total price:8550.2";2/24/2004
61;Joseph;Wilson;80;3452.7;JosephWilson8gmail.com;(+380)-76-868-5238;0;3;"The unregistered user made sales for price:3452.7";4/18/2000
62;Harold;Hodge;90;2888.4;HaroldHodge1gmail.com;(+380)-43-163-6918;1;2;"The registered user made  0 sales for last 7 month.Total price:2888.4";10/16/2003
63;Nicholas;Elliott;29;7580.6;NicholasElliott5gmail.com;(+380)-44-727-6658;1;3;"The unregistered user made sales for price:7580.6";9/28/2002
64;Kenneth;Stevenson;46;8793.2;KennethStevenson5gmail.com;(+380)-89-328-9482;0;2;"The registered user made  9 sales for last 8 month.Total price:8793.2";1/3/2012
65;Julian;Carpenter;40;4128.9;JulianCarpenter2gmail.com;(+380)-78-863-9589;0;3;"The unregistered user made sales for price:4128.9";12/20/2015
66;Winfred;Thompson;36;6155.5;WinfredThompson6gmail.com;(+380)-73-826-1467;0;3;"The unregistered user made sales for price:6155.5";9/6/2005
67;Hilary;Barnett;58;5536.8;HilaryBarnett4gmail.com;(+380)-89-581-1957;0;3;"The unregistered user made sales for price:5536.8";4/10/2003
68;Cecil;McDaniel;53;2423.7;CecilMcDaniel3gmail.com;(+380)-28-318-4333;0;3;"The unregistered user made sales for price:2423.7";10/4/2008
69;Wilfrid;Golden;88;8978.5;WilfridGolden5gmail.com;(+380)-83-598-6175;1;2;"The registered user made  4 sales for last 12 month.Total price:8978.5";8/7/2017
70;David;Alexander;54;3029.3;DavidAlexander9gmail.com;(+380)-27-611-3116;1;2;"The registered user made  4 sales for last 2 month.Total price:3029.3";1/25/2020
71;Jack;Wiggins;17;8536.9;JackWiggins9gmail.com;(+380)-39-833-8393;0;3;"The unregistered user made sales for price:8536.9";1/9/2009
72;Donald;Marshall;32;1658.2;DonaldMarshall3gmail.com;(+380)-89-564-5555;0;2;"The registered user made  7 sales for last 1 month.Total price:1658.2";10/6/2007
73;Martin;McKinney;80;1823.8;MartinMcKinney7gmail.com;(+380)-96-442-3751;0;3;"The unregistered user made sales for price:1823.8";2/28/2012
74;Richard;McDowell;56;8983.5;RichardMcDowell3gmail.com;(+380)-88-141-2985;1;2;"The registered user made  0 sales for last 8 month.Total price:8983.5";11/19/2009
75;Ronald;Hubbard;95;6403.1;RonaldHubbard6gmail.com;(+380)-55-167-8624;1;2;"The registered user made  4 sales for last 7 month.Total price:6403.1";10/3/2007
76;Sydney;Lloyd;66;8339.2;SydneyLloyd2gmail.com;(+380)-53-968-9983;1;2;"The registered user made  8 sales for last 5 month.Total price:8339.2";11/24/2010
77;Joseph;Rogers;88;3876.2;JosephRogers8gmail.com;(+380)-34-736-1434;0;2;"The registered user made  10 sales for last 12 month.Total price:3876.2";10/14/2016
78;Emery;Banks;96;5228.1;EmeryBanks3gmail.com;(+380)-32-751-2325;1;2;"The registered user made  7 sales for last 8 month.Total price:5228.1";9/11/2012
79;Jack;McCarthy;25;7460.6;JackMcCarthy8gmail.com;(+380)-53-876-6949;0;2;"The registered user made  0 sales for last 9 month.Total price:7460.6";3/28/2020
80;Paul;Nelson;87;1153.9;PaulNelson9gmail.com;(+380)-69-563-8433;0;2;"The registered user made  0 sales for last 10 month.Total price:1153.9";11/28/2017
81;Camron;Hart;22;6363.3;CamronHart6gmail.com;(+380)-73-685-1676;1;3;"The unregistered user made sales for price:6363.3";10/18/2000
82;Alfred;Ross;38;1706.8;AlfredRoss3gmail.com;(+380)-88-638-8921;1;2;"The registered user made  8 sales for last 10 month.Total price:1706.8";3/13/2002
83;Esmond;Hardy;70;2206.5;EsmondHardy7gmail.com;(+380)-67-668-2254;1;3;"The unregistered user made sales for price:2206.5";2/17/2009
84;Paul;Jennings;47;4009.3;PaulJennings3gmail.com;(+380)-47-436-9692;0;3;"The unregistered user made sales for price:4009.3";8/5/2015
85;John;Farmer;38;1157.2;JohnFarmer5gmail.com;(+380)-63-841-9352;0;3;"The unregistered user made sales for price:1157.2";1/8/2014
86;Lionel;Neal;78;6599.4;LionelNeal4gmail.com;(+380)-69-547-7395;0;3;"The unregistered user made sales for price:6599.4";9/15/2012
87;Nathan;Wade;89;8951.5;NathanWade7gmail.com;(+380)-34-967-7925;1;3;"The unregistered user made sales for price:8951.5";12/16/2009
88;George;Marsh;100;818.2;GeorgeMarsh4gmail.com;(+380)-37-734-9386;1;2;"The registered user made  2 sales for last 8 month.Total price:818.2";4/28/2014
89;Mark;Conley;67;5695.6;MarkConley9gmail.com;(+380)-55-218-5965;1;2;"The registered user made  0 sales for last 6 month.Total price:5695.6";4/2/2012
90;Joseph;Phelps;53;2270.7;JosephPhelps8gmail.com;(+380)-31-729-4599;0;2;"The registered user made  4 sales for last 6 month.Total price:2270.7";4/12/2008
91;Emory;Owen;82;9463.9;EmoryOwen4gmail.com;(+380)-51-193-5543;0;2;"The registered user made  10 sales for last 12 month.Total price:9463.9";1/27/2005
92;Bryce;West;36;1602.2;BryceWest5gmail.com;(+380)-48-726-2397;1;3;"The unregistered user made sales for price:1602.2";3/17/2015
93;Richard;Jordan;36;7511.7;RichardJordan7gmail.com;(+380)-72-835-1178;0;2;"The registered user made  5 sales for last 12 month.Total price:7511.7";12/9/2020
94;Brian;Bennett;24;6787.8;BrianBennett1gmail.com;(+380)-38-464-3992;0;2;"The registered user made  6 sales for last 2 month.Total price:6787.8";5/17/2000
95;Elvin;Harris;25;4012.4;ElvinHarris3gmail.com;(+380)-18-818-1893;1;3;"The unregistered user made sales for price:4012.4";6/2/2000
96;Eustace;Carter;84;4822.2;EustaceCarter2gmail.com;(+380)-44-416-6632;1;2;"The registered user made  1 sales for last 4 month.Total price:4822.2";7/9/2015
97;Sherman;Payne;25;3722.7;ShermanPayne8gmail.com;(+380)-24-527-2449;1;3;"The unregistered user made sales for price:3722.7";9/4/2008
98;Peregrine;Sharp;33;8203.1;PeregrineSharp1gmail.com;(+380)-62-322-7634;0;2;"The registered user made  6 sales for last 8 month.Total price:8203.1";4/20/2000
99;Derrick;Cross;78;2668.8;DerrickCross4gmail.com;(+380)-35-871-9646;0;3;"The unregistered user made sales for price:2668.8";2/15/2018
100;William;Quinn;82;8845.8;WilliamQuinn2gmail.com;(+380)-47-327-3257;0;2;"The registered user made  10 sales for last 7 month.Total price:8845.8";3/22/2008
101;Katrina;Jackson;23;1571.8;KatrinaJackson3gmail.com;(+380)-31-145-6162;1;3;"The unregistered user made sales for price:1571.8";1/20/2005
102;Colleen;Gregory;63;5680.2;ColleenGregory7gmail.com;(+380)-31-761-6781;1;2;"The registered user made  9 sales for last 7 month.Total price:5680.2";1/4/2007
103;Lily;Reeves;84;2618.6;LilyReeves4gmail.com;(+380)-54-365-2443;1;2;"The registered user made  4 sales for last 2 month.Total price:2618.6";8/15/2003
104;Karen;York;40;2834.6;KarenYork3gmail.com;(+380)-19-425-3288;0;2;"The registered user made  4 sales for last 4 month.Total price:2834.6";6/28/2004
105;Rosemary;Houston;25;2493.8;RosemaryHouston2gmail.com;(+380)-84-691-1634;0;3;"The unregistered user made sales for price:2493.8";11/18/2016
106;Caren;Cole;65;4743.3;CarenCole5gmail.com;(+380)-71-435-3666;1;2;"The registered user made  3 sales for last 7 month.Total price:4743.3";11/14/2006
107;Melina;Patrick;64;4170.7;MelinaPatrick7gmail.com;(+380)-79-481-2528;0;2;"The registered user made  10 sales for last 2 month.Total price:4170.7";12/18/2008
108;Emily;Freeman;79;9422.6;EmilyFreeman4gmail.com;(+380)-19-316-7997;1;2;"The registered user made  4 sales for last 3 month.Total price:9422.6";9/26/2019
109;Kathleen;Harvey;15;3418.1;KathleenHarvey7gmail.com;(+380)-93-782-8469;0;3;"The unregistered user made sales for price:3418.1";3/24/2003
110;Lizbeth;Willis;24;5252.3;LizbethWillis7gmail.com;(+380)-85-445-7933;1;2;"The registered user made  7 sales for last 2 month.Total price:5252.3";10/2/2006
111;Helen;Dorsey;57;8199.3;HelenDorsey1gmail.com;(+380)-65-389-3368;1;2;"The registered user made  7 sales for last 5 month.Total price:8199.3";2/1/2013
112;Estella;Gibson;41;3528.1;EstellaGibson2gmail.com;(+380)-55-956-7671;1;3;"The unregistered user made sales for price:3528.1";5/17/2010
113;Catherine;Norman;84;8719.2;CatherineNorman9gmail.com;(+380)-13-953-2482;0;3;"The unregistered user made sales for price:8719.2";10/3/2012
114;Adela;Hodges;46;4720.5;AdelaHodges8gmail.com;(+380)-64-195-4982;1;2;"The registered user made  6 sales for last 10 month.Total price:4720.5";4/19/2013
115;Claribel;Joseph;78;6478.6;ClaribelJoseph2gmail.com;(+380)-89-252-5194;1;2;"The registered user made  2 sales for last 5 month.Total price:6478.6";6/22/2016
116;Jane;Jefferson;61;5845.5;JaneJefferson4gmail.com;(+380)-11-791-4822;0;3;"The unregistered user made sales for price:5845.5";7/2/2000
117;Margaret;Connor;92;6601.4;MargaretConnor9gmail.com;(+380)-94-478-9781;1;2;"The registered user made  3 sales for last 10 month.Total price:6601.4";8/1/2014
118;Ruth?;Shelton;52;3719.6;Ruth?Shelton1gmail.com;(+380)-33-729-8492;0;3;"The unregistered user made sales for price:3719.6";1/11/2019
119;Jane;Jones;67;5137.5;JaneJones8gmail.com;(+380)-79-433-2437;1;2;"The registered user made  4 sales for last 4 month.Total price:5137.5";9/10/2006
120;Ada;Chase;34;2609.9;AdaChase5gmail.com;(+380)-53-597-6533;0;2;"The registered user made  10 sales for last 3 month.Total price:2609.9";6/25/2016
121;Sibyl;Russell;20;7654.6;SibylRussell1gmail.com;(+380)-16-762-8688;1;3;"The unregistered user made sales for price:7654.6";7/5/2020
122;Katherine;Ellis;20;5456.6;KatherineEllis4gmail.com;(+380)-86-353-4389;0;2;"The registered user made  4 sales for last 5 month.Total price:5456.6";1/10/2020
123;Annabel;Snow;45;3235.1;AnnabelSnow7gmail.com;(+380)-45-272-5989;1;2;"The registered user made  6 sales for last 3 month.Total price:3235.1";10/8/2002
124;Thomasine;Oliver;58;2865.7;ThomasineOliver8gmail.com;(+380)-96-733-7253;1;3;"The unregistered user made sales for price:2865.7";9/27/2008
125;Iris;Woods;35;831.7;IrisWoods1gmail.com;(+380)-76-988-3957;1;2;"The registered user made  2 sales for last 4 month.Total price:831.7";2/26/2008
126;Lorin;Andrews;76;1015.4;LorinAndrews4gmail.com;(+380)-26-297-6549;1;2;"The registered user made  4 sales for last 1 month.Total price:1015.4";12/8/2014
127;Daisy;Dixon;41;5859.7;DaisyDixon8gmail.com;(+380)-45-248-8281;1;3;"The unregistered user made sales for price:5859.7";9/8/2014
128;Mary;Stewart;29;1310.6;MaryStewart5gmail.com;(+380)-44-326-1128;0;2;"The registered user made  0 sales for last 5 month.Total price:1310.6";8/3/2008
129;Mercy;Cunningham;62;5949.4;MercyCunningham6gmail.com;(+380)-41-586-4499;0;2;"The registered user made  0 sales for last 7 month.Total price:5949.4";8/8/2016
130;Phyllis;Stafford;70;2574.2;PhyllisStafford2gmail.com;(+380)-68-896-4743;0;2;"The registered user made  6 sales for last 10 month.Total price:2574.2";9/2/2019
131;Emma;Miles;64;8951.2;EmmaMiles2gmail.com;(+380)-65-867-5172;0;3;"The unregistered user made sales for price:8951.2";7/26/2018
132;Helen;Dennis;52;7747.4;HelenDennis5gmail.com;(+380)-15-136-9828;1;2;"The registered user made  2 sales for last 10 month.Total price:7747.4";1/15/2002
133;Anabel;Stokes;84;6513.6;AnabelStokes1gmail.com;(+380)-83-519-7832;1;3;"The unregistered user made sales for price:6513.6";11/6/2002
134;Patricia;Peters;24;3117.6;PatriciaPeters1gmail.com;(+380)-36-418-2576;0;3;"The unregistered user made sales for price:3117.6";8/3/2009
135;Georgia;Strickland;17;9058.5;GeorgiaStrickland4gmail.com;(+380)-35-468-5195;0;2;"The registered user made  3 sales for last 4 month.Total price:9058.5";4/19/2020
136;Donna;Stephens;62;6351.6;DonnaStephens2gmail.com;(+380)-56-577-6488;1;3;"The unregistered user made sales for price:6351.6";12/11/2020
137;Margaret;Copeland;64;3759.5;MargaretCopeland4gmail.com;(+380)-27-157-4119;0;2;"The registered user made  1 sales for last 4 month.Total price:3759.5";8/5/2005
138;Naomi;Murphy;20;4232.6;NaomiMurphy5gmail.com;(+380)-18-241-4927;1;3;"The unregistered user made sales for price:4232.6";7/17/2016
139;Gwen;Price;93;4147.9;GwenPrice6gmail.com;(+380)-67-559-3976;1;2;"The registered user made  9 sales for last 2 month.Total price:4147.9";1/17/2020
140;Regina;Owens;40;2917.8;ReginaOwens5gmail.com;(+380)-73-361-6944;1;3;"The unregistered user made sales for price:2917.8";9/1/2019
141;Dayna;Phillips;34;3797.1;DaynaPhillips4gmail.com;(+380)-84-826-4585;1;2;"The registered user made  8 sales for last 10 month.Total price:3797.1";11/24/2007
142;Margaret;Boone;96;3435.1;MargaretBoone5gmail.com;(+380)-91-193-6819;0;2;"The registered user made  3 sales for last 8 month.Total price:3435.1";5/9/2011
143;Posy;Wilkerson;42;4506.5;PosyWilkerson3gmail.com;(+380)-86-498-7749;1;2;"The registered user made  2 sales for last 5 month.Total price:4506.5";6/26/2007
144;Eunice;Berry;96;3233.1;EuniceBerry5gmail.com;(+380)-52-568-7864;0;2;"The registered user made  2 sales for last 12 month.Total price:3233.1";11/21/2020
145;Sharon;Morrison;44;3540.7;SharonMorrison9gmail.com;(+380)-52-782-5463;1;3;"The unregistered user made sales for price:3540.7";9/5/2007
146;Olivia;Hicks;36;4737.4;OliviaHicks9gmail.com;(+380)-72-124-2898;0;3;"The unregistered user made sales for price:4737.4";9/17/2007
147;Bethanie;Porter;81;4595.8;BethaniePorter5gmail.com;(+380)-88-388-7733;1;2;"The registered user made  4 sales for last 2 month.Total price:4595.8";1/17/2020
148;Georgina;Stanley;22;777.1;GeorginaStanley5gmail.com;(+380)-15-337-5272;1;3;"The unregistered user made sales for price:777.1";3/3/2017
149;Virginia;Hensley;35;7308.3;VirginiaHensley5gmail.com;(+380)-11-363-7784;1;2;"The registered user made  7 sales for last 10 month.Total price:7308.3";12/25/2009
150;Cecilia;Douglas;50;6430.8;CeciliaDouglas7gmail.com;(+380)-17-218-9263;1;3;"The unregistered user made sales for price:6430.8";4/19/2009
151;Harry;Chandler;67;3095.7;HarryChandler4gmail.com;(+380)-83-899-6462;0;3;"The unregistered user made sales for price:3095.7";7/25/2004
152;Ronald;May;60;7149.7;RonaldMay2gmail.com;(+380)-42-869-5897;0;2;"The registered user made  2 sales for last 11 month.Total price:7149.7";9/13/2018
153;Robert;Bailey;17;3042.4;RobertBailey9gmail.com;(+380)-71-422-1279;1;2;"The registered user made  8 sales for last 4 month.Total price:3042.4";9/15/2008
154;Paul;Campbell;76;7809.8;PaulCampbell2gmail.com;(+380)-82-623-9257;1;2;"The registered user made  1 sales for last 9 month.Total price:7809.8";8/16/2018
155;Trevor;Palmer;61;896.6;TrevorPalmer7gmail.com;(+380)-32-179-3174;1;3;"The unregistered user made sales for price:896.6";2/10/2019
156;Donald;Small;67;6685.3;DonaldSmall3gmail.com;(+380)-39-871-7416;1;2;"The registered user made  7 sales for last 2 month.Total price:6685.3";12/23/2020
157;Charles;Morton;18;8945.8;CharlesMorton9gmail.com;(+380)-79-657-3656;1;3;"The unregistered user made sales for price:8945.8";1/8/2012
158;Henry;Norton;37;9022.5;HenryNorton4gmail.com;(+380)-73-614-3462;0;2;"The registered user made  8 sales for last 9 month.Total price:9022.5";8/2/2016
159;Peter;Mosley;93;6792.5;PeterMosley6gmail.com;(+380)-78-616-2947;0;3;"The unregistered user made sales for price:6792.5";3/7/2000
160;Randell;Maxwell;52;5117.8;RandellMaxwell2gmail.com;(+380)-98-768-4525;0;3;"The unregistered user made sales for price:5117.8";10/21/2009
161;Edgar;Baldwin;92;812.4;EdgarBaldwin5gmail.com;(+380)-24-438-7453;1;2;"The registered user made  10 sales for last 1 month.Total price:812.4";1/9/2019
162;Albert;Reed;22;5421.7;AlbertReed7gmail.com;(+380)-47-544-9158;0;2;"The registered user made  7 sales for last 9 month.Total price:5421.7";10/25/2010
163;Buck;Thomas;99;5977.8;BuckThomas4gmail.com;(+380)-76-898-5642;0;2;"The registered user made  3 sales for last 2 month.Total price:5977.8";1/22/2016
164;Simon;Powell;62;4079.6;SimonPowell7gmail.com;(+380)-17-291-2162;1;2;"The registered user made  7 sales for last 3 month.Total price:4079.6";3/16/2001
165;Clinton;Poole;97;1458.2;ClintonPoole7gmail.com;(+380)-49-756-8317;0;2;"The registered user made  0 sales for last 7 month.Total price:1458.2";8/22/2016
166;Domenic;Webster;57;4944.6;DomenicWebster1gmail.com;(+380)-66-845-6492;1;3;"The unregistered user made sales for price:4944.6";6/23/2010
167;Robert;Roberts;48;3473.7;RobertRoberts4gmail.com;(+380)-28-655-9846;1;3;"The unregistered user made sales for price:3473.7";7/13/2015
168;Camron;Whitehead;27;3920.4;CamronWhitehead9gmail.com;(+380)-28-215-8546;0;3;"The unregistered user made sales for price:3920.4";9/18/2006
169;Samson;Curtis;98;8791.5;SamsonCurtis4gmail.com;(+380)-48-156-3614;0;2;"The registered user made  1 sales for last 12 month.Total price:8791.5";8/24/2008
170;Jack;Pope;15;981.2;JackPope6gmail.com;(+380)-44-932-3995;0;3;"The unregistered user made sales for price:981.2";12/10/2012
171;Shannon;Mitchell;61;918.2;ShannonMitchell9gmail.com;(+380)-42-493-3578;1;3;"The unregistered user made sales for price:918.2";9/3/2018
172;Steven;Mills;37;1017.1;StevenMills9gmail.com;(+380)-48-382-1419;1;3;"The unregistered user made sales for price:1017.1";3/25/2007
173;Morris;Morris;71;5215.8;MorrisMorris3gmail.com;(+380)-82-893-9115;0;2;"The registered user made  6 sales for last 4 month.Total price:5215.8";4/18/2004
174;Alan;Daniel;90;8263.5;AlanDaniel4gmail.com;(+380)-73-111-4492;1;2;"The registered user made  1 sales for last 11 month.Total price:8263.5";10/1/2006
175;Peter;Fox;23;9422.6;PeterFox9gmail.com;(+380)-43-975-4594;0;3;"The unregistered user made sales for price:9422.6";4/22/2014
176;Blake;Potter;21;946.6;BlakePotter6gmail.com;(+380)-49-225-7175;0;2;"The registered user made  3 sales for last 6 month.Total price:946.6";11/2/2019
177;David;Moore;81;1245.5;DavidMoore6gmail.com;(+380)-41-424-5215;1;2;"The registered user made  10 sales for last 2 month.Total price:1245.5";8/20/2002
178;Adrian;Harrison;81;8300.2;AdrianHarrison6gmail.com;(+380)-77-649-9988;1;3;"The unregistered user made sales for price:8300.2";4/2/2012
179;Maximilian;Robertson;59;3749.3;MaximilianRobertson3gmail.com;(+380)-14-326-4747;0;3;"The unregistered user made sales for price:3749.3";12/7/2011
180;Jeremy;Barber;34;4081.5;JeremyBarber4gmail.com;(+380)-56-924-2847;1;2;"The registered user made  2 sales for last 7 month.Total price:4081.5";10/2/2020
181;Lenard;Wheeler;86;1158.5;LenardWheeler2gmail.com;(+380)-61-219-1587;1;2;"The registered user made  5 sales for last 1 month.Total price:1158.5";10/28/2006
182;Osborn;Shaw;24;661.9;OsbornShaw3gmail.com;(+380)-17-586-6463;1;3;"The unregistered user made sales for price:661.9";4/23/2018
183;Terence;Davidson;80;6073.3;TerenceDavidson6gmail.com;(+380)-79-366-7277;1;2;"The registered user made  6 sales for last 3 month.Total price:6073.3";8/14/2014
184;Justin;Flynn;41;6777.1;JustinFlynn3gmail.com;(+380)-74-994-7132;0;3;"The unregistered user made sales for price:6777.1";1/7/2000
185;Robert;Williams;36;1908.7;RobertWilliams9gmail.com;(+380)-51-533-3888;1;3;"The unregistered user made sales for price:1908.7";12/6/2003
186;Moses;Singleton;20;1584.1;MosesSingleton5gmail.com;(+380)-71-988-6845;1;2;"The registered user made  7 sales for last 6 month.Total price:1584.1";12/26/2002
187;Emil;Daniels;82;958.7;EmilDaniels2gmail.com;(+380)-57-981-4917;0;3;"The unregistered user made sales for price:958.7";12/27/2018
188;Bryan;Cook;59;3563.2;BryanCook5gmail.com;(+380)-56-799-2368;1;2;"The registered user made  5 sales for last 5 month.Total price:3563.2";10/10/2017
189;Steven;Watts;38;2766.5;StevenWatts5gmail.com;(+380)-89-937-4383;0;3;"The unregistered user made sales for price:2766.5";2/10/2003
190;Adam;Gallagher;76;8986.1;AdamGallagher9gmail.com;(+380)-29-984-6851;0;2;"The registered user made  0 sales for last 11 month.Total price:8986.1";6/23/2001
191;Richard;Haynes;47;2677.5;RichardHaynes6gmail.com;(+380)-69-719-3435;0;3;"The unregistered user made sales for price:2677.5";6/15/2009
192;Warren;Hampton;29;417.7;WarrenHampton6gmail.com;(+380)-53-954-6332;1;2;"The registered user made  9 sales for last 5 month.Total price:417.7";10/27/2000
193;Peter;Shields;24;3001.4;PeterShields8gmail.com;(+380)-59-442-8952;1;3;"The unregistered user made sales for price:3001.4";6/21/2014
194;Oswin;Harper;55;7753.5;OswinHarper7gmail.com;(+380)-26-716-2613;1;3;"The unregistered user made sales for price:7753.5";11/9/2000
195;Mark;Barrett;71;2201.4;MarkBarrett7gmail.com;(+380)-59-516-1796;0;2;"The registered user made  5 sales for last 3 month.Total price:2201.4";1/18/2014
196;Harry;Griffith;82;7388.2;HarryGriffith4gmail.com;(+380)-52-328-1237;0;2;"The registered user made  0 sales for last 11 month.Total price:7388.2";12/5/2008
197;Homer;Townsend;18;6241.8;HomerTownsend4gmail.com;(+380)-39-917-4981;1;2;"The registered user made  0 sales for last 5 month.Total price:6241.8";3/5/2008
198;Richard;Hancock;52;3135.3;RichardHancock7gmail.com;(+380)-36-833-9192;1;3;"The unregistered user made sales for price:3135.3";4/9/2004
199;Allan;Brien;90;2295.7;AllanBrien5gmail.com;(+380)-91-425-9615;0;2;"The registered user made  0 sales for last 11 month.Total price:2295.7";7/1/2018
200;Abel;Wilkins;89;6412.3;AbelWilkins6gmail.com;(+380)-79-285-8699;1;3;"The unregistered user made sales for price:6412.3";6/9/2012
201;Anthony;Hill;100;3400.1;AnthonyHill2gmail.com;(+380)-89-942-7771;0;2;"The registered user made  6 sales for last 5 month.Total price:3400.1";4/1/2012
202;Robert;Clark;50;6243.8;RobertClark7gmail.com;(+380)-99-556-4577;0;3;"The unregistered user made sales for price:6243.8";6/14/2005
203;Brian;Anthony;56;7713.6;BrianAnthony9gmail.com;(+380)-49-336-6976;0;2;"The registered user made  7 sales for last 1 month.Total price:7713.6";12/20/2004
204;Michael;Fitzgerald?;45;7327.3;MichaelFitzgerald?7gmail.com;(+380)-83-118-6359;0;3;"The unregistered user made sales for price:7327.3";10/6/2001
205;Thomas;Foster;22;695.8;ThomasFoster3gmail.com;(+380)-86-947-4684;1;2;"The registered user made  1 sales for last 9 month.Total price:695.8";5/12/2000
206;Austin;Blair;42;3236.1;AustinBlair8gmail.com;(+380)-17-568-7539;1;3;"The unregistered user made sales for price:3236.1";1/19/2011
207;Ronald;Hawkins;86;7245.4;RonaldHawkins8gmail.com;(+380)-97-788-4762;1;3;"The unregistered user made sales for price:7245.4";8/17/2013
208;Byron;Baker;85;1455.1;ByronBaker7gmail.com;(+380)-67-977-6849;0;3;"The unregistered user made sales for price:1455.1";12/22/2019
209;Robert;Greene;69;5415.7;RobertGreene6gmail.com;(+380)-24-277-9816;1;2;"The registered user made  0 sales for last 8 month.Total price:5415.7";5/28/2000
210;John;Booth;57;3925.5;JohnBooth1gmail.com;(+380)-32-361-6957;0;3;"The unregistered user made sales for price:3925.5";2/4/2016
211;Clarence;Fields;55;6348.1;ClarenceFields1gmail.com;(+380)-37-931-3444;0;2;"The registered user made  8 sales for last 8 month.Total price:6348.1";2/16/2005
212;Christopher;Allen;48;3907.4;ChristopherAllen1gmail.com;(+380)-21-616-6725;0;2;"The registered user made  6 sales for last 11 month.Total price:3907.4";10/14/2011
213;Nicholas;Higgins;69;2036.5;NicholasHiggins2gmail.com;(+380)-43-161-9962;1;2;"The registered user made  2 sales for last 2 month.Total price:2036.5";1/3/2014
214;Morgan;Lawson;31;437.9;MorganLawson9gmail.com;(+380)-49-432-2291;1;3;"The unregistered user made sales for price:437.9";8/5/2014
215;Morgan;King;74;5066.1;MorganKing9gmail.com;(+380)-32-711-5594;1;3;"The unregistered user made sales for price:5066.1";4/6/2004
216;Harry;Short;63;4722.9;HarryShort7gmail.com;(+380)-79-423-8376;1;3;"The unregistered user made sales for price:4722.9";4/11/2008
217;Nigel;McLaughlin;17;8957.3;NigelMcLaughlin9gmail.com;(+380)-74-126-7428;0;3;"The unregistered user made sales for price:8957.3";5/15/2014
218;Horatio;Carson;58;1189.5;HoratioCarson6gmail.com;(+380)-85-771-5971;1;3;"The unregistered user made sales for price:1189.5";11/26/2011
219;Matthew;Montgomery;35;2442.1;MatthewMontgomery7gmail.com;(+380)-29-617-7576;0;2;"The registered user made  4 sales for last 1 month.Total price:2442.1";2/6/2001
220;Peter;Ward;66;1206.5;PeterWard2gmail.com;(+380)-82-422-8789;0;3;"The unregistered user made sales for price:1206.5";8/25/2002
221;Bruno;Scott;25;7885.4;BrunoScott2gmail.com;(+380)-25-146-7938;0;2;"The registered user made  9 sales for last 4 month.Total price:7885.4";6/17/2000
222;Harry;Perkins;92;6948.2;HarryPerkins4gmail.com;(+380)-79-189-4747;1;3;"The unregistered user made sales for price:6948.2";8/4/2013
223;Mark;Greer;68;8971.2;MarkGreer2gmail.com;(+380)-33-364-4524;0;3;"The unregistered user made sales for price:8971.2";8/10/2003
224;Wesley;Paul;48;7366.3;WesleyPaul4gmail.com;(+380)-42-986-8469;1;2;"The registered user made  8 sales for last 10 month.Total price:7366.3";7/22/2011
225;Robert;Lawrence;37;5079.2;RobertLawrence7gmail.com;(+380)-11-488-8564;0;3;"The unregistered user made sales for price:5079.2";11/4/2000
226;Reynold;Craig;19;7470.9;ReynoldCraig5gmail.com;(+380)-75-764-9836;1;3;"The unregistered user made sales for price:7470.9";9/3/2000
227;Steven;Austin;24;856.6;StevenAustin2gmail.com;(+380)-12-953-7411;1;2;"The registered user made  6 sales for last 1 month.Total price:856.6";9/27/2008
228;Edward;Martin;76;8030.9;EdwardMartin2gmail.com;(+380)-65-372-6282;1;3;"The unregistered user made sales for price:8030.9";5/24/2019
229;Branden;Flowers;90;4706.8;BrandenFlowers6gmail.com;(+380)-92-136-5825;0;3;"The unregistered user made sales for price:4706.8";11/25/2004
230;Richard;Caldwell;74;5182.3;RichardCaldwell6gmail.com;(+380)-48-659-9439;1;3;"The unregistered user made sales for price:5182.3";6/27/2015
231;Pierce;Simon;97;7365.6;PierceSimon2gmail.com;(+380)-31-634-7756;1;3;"The unregistered user made sales for price:7365.6";4/20/2003
232;John;Webb;17;3091.4;JohnWebb5gmail.com;(+380)-47-895-6591;0;3;"The unregistered user made sales for price:3091.4";4/1/2008
233;Harry;Garrison;20;7806.2;HarryGarrison9gmail.com;(+380)-87-569-8636;0;3;"The unregistered user made sales for price:7806.2";2/14/2016
234;Anthony;Hopkins;80;5102.7;AnthonyHopkins3gmail.com;(+380)-54-689-4345;0;3;"The unregistered user made sales for price:5102.7";3/24/2006
235;Peter;Burns;69;6267.9;PeterBurns9gmail.com;(+380)-62-549-5994;0;2;"The registered user made  2 sales for last 2 month.Total price:6267.9";9/8/2004
236;David;Crawford;100;4199.5;DavidCrawford5gmail.com;(+380)-83-387-9392;1;3;"The unregistered user made sales for price:4199.5";10/27/2002
237;Lambert;Warner;52;6100.3;LambertWarner6gmail.com;(+380)-88-618-3839;0;3;"The unregistered user made sales for price:6100.3";10/3/2011
238;John;Anderson;94;8484.8;JohnAnderson9gmail.com;(+380)-74-439-4633;1;3;"The unregistered user made sales for price:8484.8";6/25/2004
239;Lester;Bryan;61;5556.3;LesterBryan9gmail.com;(+380)-71-437-8439;1;3;"The unregistered user made sales for price:5556.3";10/24/2008
240;Gerald;Richard;72;7986.4;GeraldRichard1gmail.com;(+380)-32-363-1587;0;3;"The unregistered user made sales for price:7986.4";1/5/2008
241;Mark;Hood;20;8851.2;MarkHood5gmail.com;(+380)-98-986-8747;1;3;"The unregistered user made sales for price:8851.2";1/25/2002
242;Harry;O?Neal?;72;516.1;HarryO?Neal?8gmail.com;(+380)-54-934-1193;1;2;"The registered user made  9 sales for last 6 month.Total price:516.1";6/3/2020
243;Brian;Robbins;94;4275.6;BrianRobbins4gmail.com;(+380)-87-358-7446;1;2;"The registered user made  0 sales for last 5 month.Total price:4275.6";9/19/2003
244;William;French;16;9301.5;WilliamFrench5gmail.com;(+380)-49-477-8398;1;3;"The unregistered user made sales for price:9301.5";3/9/2017
245;Paul;Bridges;34;6906.8;PaulBridges7gmail.com;(+380)-52-343-6772;0;2;"The registered user made  3 sales for last 5 month.Total price:6906.8";5/14/2018
246;Edward;Horn;86;9439.5;EdwardHorn7gmail.com;(+380)-72-419-6145;1;2;"The registered user made  7 sales for last 8 month.Total price:9439.5";11/23/2017
247;Abraham;Watson;19;2908.3;AbrahamWatson1gmail.com;(+380)-53-259-2865;1;3;"The unregistered user made sales for price:2908.3";7/8/2005
248;Ethan;Walters;70;1479.2;EthanWalters8gmail.com;(+380)-35-569-9615;1;3;"The unregistered user made sales for price:1479.2";4/24/2003
249;Peter;Fleming;89;7433.3;PeterFleming5gmail.com;(+380)-56-152-8935;1;3;"The unregistered user made sales for price:7433.3";4/5/2017
250;John;Goodwin;59;8135.2;JohnGoodwin2gmail.com;(+380)-49-268-7781;0;3;"The unregistered user made sales for price:8135.2";4/11/2013
251;Joshua;Bradford;88;4775.9;JoshuaBradford8gmail.com;(+380)-91-152-5692;1;2;"The registered user made  7 sales for last 5 month.Total price:4775.9";9/28/2011
252;Edward;Knight;63;3143.3;EdwardKnight8gmail.com;(+380)-31-429-2223;0;3;"The unregistered user made sales for price:3143.3";5/20/2000
253;Milton;Holmes;47;2760.9;MiltonHolmes7gmail.com;(+380)-52-988-5886;1;2;"The registered user made  3 sales for last 3 month.Total price:2760.9";2/5/2007
254;Richard;Hall;85;9227.8;RichardHall9gmail.com;(+380)-73-168-5154;1;2;"The registered user made  1 sales for last 7 month.Total price:9227.8";6/15/2001
255;Brett;George;97;1959.7;BrettGeorge9gmail.com;(+380)-64-255-5928;1;2;"The registered user made  8 sales for last 11 month.Total price:1959.7";7/3/2004
256;Michael;Cox;84;2348.2;MichaelCox7gmail.com;(+380)-72-653-9414;0;2;"The registered user made  2 sales for last 2 month.Total price:2348.2";1/5/2020
257;Joseph;Lane;96;9240.5;JosephLane5gmail.com;(+380)-83-719-4623;0;3;"The unregistered user made sales for price:9240.5";12/14/2018
258;Charles;Burke;33;1767.5;CharlesBurke9gmail.com;(+380)-65-336-4872;0;3;"The unregistered user made sales for price:1767.5";3/1/2017
259;Norman;Wright;60;1761.1;NormanWright4gmail.com;(+380)-94-692-2618;1;2;"The registered user made  10 sales for last 1 month.Total price:1761.1";1/22/2018
260;William;Gilbert;27;4529.3;WilliamGilbert8gmail.com;(+380)-52-446-8546;1;2;"The registered user made  1 sales for last 3 month.Total price:4529.3";8/23/2004
261;Leslie;Young;41;8105.7;LeslieYoung1gmail.com;(+380)-78-486-7232;0;2;"The registered user made  2 sales for last 8 month.Total price:8105.7";12/21/2014
262;Horace;Matthews;91;6461.8;HoraceMatthews9gmail.com;(+380)-28-359-6844;0;2;"The registered user made  0 sales for last 9 month.Total price:6461.8";7/7/2007
263;Claud;Ball;49;6903.5;ClaudBall8gmail.com;(+380)-54-734-6712;0;3;"The unregistered user made sales for price:6903.5";4/4/2016
264;John;Fisher;39;2928.3;JohnFisher7gmail.com;(+380)-77-381-6419;0;3;"The unregistered user made sales for price:2928.3";3/28/2005
265;Peter;Mason;22;4518.2;PeterMason5gmail.com;(+380)-14-471-8122;0;3;"The unregistered user made sales for price:4518.2";5/13/2004
266;Luke;Riley;69;4538.6;LukeRiley4gmail.com;(+380)-36-648-2773;1;2;"The registered user made  10 sales for last 8 month.Total price:4538.6";9/22/2017
267;Daniel;Atkinson;66;2304.9;DanielAtkinson8gmail.com;(+380)-51-234-9547;0;3;"The unregistered user made sales for price:2304.9";8/10/2001
268;Harry;Lyons;26;1726.6;HarryLyons6gmail.com;(+380)-75-282-1181;0;2;"The registered user made  3 sales for last 7 month.Total price:1726.6";1/21/2003
269;Marcus;Park;93;3464.9;MarcusPark7gmail.com;(+380)-52-333-4676;0;3;"The unregistered user made sales for price:3464.9";1/14/2017
270;John;Johnson;44;3536.8;JohnJohnson1gmail.com;(+380)-24-851-3971;1;2;"The registered user made  2 sales for last 5 month.Total price:3536.8";5/22/2006
271;Roy;Edwards;31;7597.2;RoyEdwards3gmail.com;(+380)-71-273-5199;0;2;"The registered user made  0 sales for last 11 month.Total price:7597.2";6/12/2006
272;Walter;Parsons;37;5152.6;WalterParsons9gmail.com;(+380)-36-699-2449;0;2;"The registered user made  8 sales for last 4 month.Total price:5152.6";3/4/2002
273;Vincent;Cameron;87;901.9;VincentCameron8gmail.com;(+380)-89-985-5128;1;3;"The unregistered user made sales for price:901.9";7/2/2004
274;Kenneth;Miller;97;5943.3;KennethMiller2gmail.com;(+380)-39-298-4213;1;2;"The registered user made  9 sales for last 3 month.Total price:5943.3";7/18/2003
275;Paul;James;22;7553.3;PaulJames4gmail.com;(+380)-66-613-2189;0;2;"The registered user made  0 sales for last 4 month.Total price:7553.3";8/25/2006
276;Ralf;Collins;86;3403.1;RalfCollins5gmail.com;(+380)-84-152-2177;1;3;"The unregistered user made sales for price:3403.1";9/12/2017
277;Theodore;Wells;44;3796.4;TheodoreWells9gmail.com;(+380)-96-827-5441;0;3;"The unregistered user made sales for price:3796.4";12/23/2003
278;George;Jenkins;32;5064.6;GeorgeJenkins6gmail.com;(+380)-21-997-8691;0;2;"The registered user made  6 sales for last 1 month.Total price:5064.6";2/16/2013
279;Gerald;McKenzie;98;5175.8;GeraldMcKenzie8gmail.com;(+380)-16-379-6147;0;3;"The unregistered user made sales for price:5175.8";7/3/2003
280;Garry;Rice;56;2371.8;GarryRice2gmail.com;(+380)-43-775-2344;1;2;"The registered user made  9 sales for last 6 month.Total price:2371.8";3/13/2016
281;Joshua;Walton;16;5823.8;JoshuaWalton5gmail.com;(+380)-78-612-9575;0;3;"The unregistered user made sales for price:5823.8";9/24/2014
282;Bernard;Spencer;97;2887.2;BernardSpencer3gmail.com;(+380)-38-321-7555;1;2;"The registered user made  2 sales for last 6 month.Total price:2887.2";6/11/2010
283;Joseph;Harrington;37;6466.9;JosephHarrington1gmail.com;(+380)-44-813-2396;1;2;"The registered user made  6 sales for last 7 month.Total price:6466.9";9/1/2016
284;Henry;McCormick;55;5928.8;HenryMcCormick6gmail.com;(+380)-15-637-3927;0;2;"The registered user made  8 sales for last 7 month.Total price:5928.8";8/14/2003
285;Michael;Sherman;87;5855.5;MichaelSherman8gmail.com;(+380)-81-434-4974;1;3;"The unregistered user made sales for price:5855.5";7/17/2004
286;Brian;Eaton;35;3244.9;BrianEaton6gmail.com;(+380)-39-934-7566;1;2;"The registered user made  5 sales for last 5 month.Total price:3244.9";11/23/2011
287;Elwin;Manning;51;7817.1;ElwinManning6gmail.com;(+380)-51-577-4567;0;3;"The unregistered user made sales for price:7817.1";12/14/2012
288;Michael;Gilmore;58;604.6;MichaelGilmore9gmail.com;(+380)-37-858-3514;1;3;"The unregistered user made sales for price:604.6";5/24/2017
289;Homer;Skinner;73;8969.6;HomerSkinner7gmail.com;(+380)-38-926-8434;0;2;"The registered user made  8 sales for last 8 month.Total price:8969.6";8/19/2001
290;Steven;Underwood;82;8163.7;StevenUnderwood9gmail.com;(+380)-12-526-3831;1;3;"The unregistered user made sales for price:8163.7";11/8/2015
291;Toby;Perry;19;7808.8;TobyPerry7gmail.com;(+380)-43-141-4992;0;3;"The unregistered user made sales for price:7808.8";12/16/2001
292;Clarence;Richards;57;1977.7;ClarenceRichards5gmail.com;(+380)-87-534-8481;0;2;"The registered user made  9 sales for last 5 month.Total price:1977.7";8/7/2015
293;Geoffrey;Hunter;35;9097.2;GeoffreyHunter8gmail.com;(+380)-46-865-6579;1;3;"The unregistered user made sales for price:9097.2";7/26/2009
294;Brian;Bell;64;6475.4;BrianBell1gmail.com;(+380)-97-188-1239;1;2;"The registered user made  0 sales for last 1 month.Total price:6475.4";11/22/2012
295;Brian;Davis;51;5809.2;BrianDavis2gmail.com;(+380)-61-939-7393;1;2;"The registered user made  0 sales for last 11 month.Total price:5809.2";6/20/2008
296;Dylan;Welch;80;5485.2;DylanWelch2gmail.com;(+380)-29-475-8819;0;2;"The registered user made  6 sales for last 8 month.Total price:5485.2";8/10/2020
297;Joshua;Sullivan;33;4332.1;JoshuaSullivan9gmail.com;(+380)-54-413-5565;0;3;"The unregistered user made sales for price:4332.1";2/3/2001
298;Edward;Holland;68;7003.9;EdwardHolland4gmail.com;(+380)-47-452-1231;0;3;"The unregistered user made sales for price:7003.9";11/20/2009
299;Michael;Dean;48;6453.8;MichaelDean7gmail.com;(+380)-29-826-7445;0;3;"The unregistered user made sales for price:6453.8";1/8/2018
300;Stuart;Henry;91;1868.9;StuartHenry1gmail.com;(+380)-46-866-2313;0;3;"The unregistered user made sales for price:1868.9";7/10/2018
301;Donald;Moody;42;9272.3;DonaldMoody2gmail.com;(+380)-22-933-8436;1;2;"The registered user made  8 sales for last 4 month.Total price:9272.3";2/10/2011
302;Herbert;Merritt;20;7116.2;HerbertMerritt4gmail.com;(+380)-28-515-2365;0;3;"The unregistered user made sales for price:7116.2";2/24/2002
303;Ross;Wilcox;36;6141.6;RossWilcox6gmail.com;(+380)-28-194-8919;0;2;"The registered user made  0 sales for last 6 month.Total price:6141.6";12/2/2017
304;Osborn;Tate;30;8876.1;OsbornTate2gmail.com;(+380)-77-121-4357;1;2;"The registered user made  8 sales for last 1 month.Total price:8876.1";10/8/2012
305;Noel;McBride;63;2318.3;NoelMcBride9gmail.com;(+380)-18-651-3291;0;2;"The registered user made  8 sales for last 12 month.Total price:2318.3";5/9/2003
306;Christopher;Simpson;74;8316.8;ChristopherSimpson4gmail.com;(+380)-35-916-7918;0;3;"The unregistered user made sales for price:8316.8";7/20/2002
307;William;Hamilton;86;2176.4;WilliamHamilton8gmail.com;(+380)-77-131-5288;0;2;"The registered user made  0 sales for last 2 month.Total price:2176.4";7/24/2019
308;Robert;Turner;67;7839.3;RobertTurner4gmail.com;(+380)-16-926-6454;1;2;"The registered user made  4 sales for last 12 month.Total price:7839.3";7/10/2006
309;Christopher;Bryant;57;755.1;ChristopherBryant4gmail.com;(+380)-97-672-5973;0;2;"The registered user made  0 sales for last 6 month.Total price:755.1";7/4/2001
310;Robert;Francis;89;4163.7;RobertFrancis2gmail.com;(+380)-91-951-3164;0;2;"The registered user made  10 sales for last 8 month.Total price:4163.7";7/22/2016
311;Darren;Chambers;58;3574.2;DarrenChambers1gmail.com;(+380)-58-232-6296;0;3;"The unregistered user made sales for price:3574.2";2/27/2001
312;Oliver;Newton;28;3403.6;OliverNewton6gmail.com;(+380)-48-153-7776;1;3;"The unregistered user made sales for price:3403.6";5/9/2020
313;Frank;Boyd;84;4139.1;FrankBoyd2gmail.com;(+380)-86-865-5766;0;2;"The registered user made  1 sales for last 8 month.Total price:4139.1";8/21/2009
314;Joseph;Adams;26;7001.6;JosephAdams7gmail.com;(+380)-95-124-4661;1;2;"The registered user made  7 sales for last 5 month.Total price:7001.6";3/26/2008
315;Harry;Robinson;90;3868.3;HarryRobinson6gmail.com;(+380)-12-499-6822;1;3;"The unregistered user made sales for price:3868.3";7/7/2005
316;Donald;Fletcher;15;8420.4;DonaldFletcher2gmail.com;(+380)-51-793-5174;0;3;"The unregistered user made sales for price:8420.4";12/5/2009
317;Joshua;McDonald;96;4225.6;JoshuaMcDonald2gmail.com;(+380)-87-316-1141;1;2;"The registered user made  7 sales for last 5 month.Total price:4225.6";6/26/2009
318;Owen;Blankenship;88;3338.3;OwenBlankenship2gmail.com;(+380)-54-994-1554;1;3;"The unregistered user made sales for price:3338.3";8/18/2005
319;Ethan;Bruce;89;6693.4;EthanBruce5gmail.com;(+380)-33-921-9825;0;3;"The unregistered user made sales for price:6693.4";5/15/2008
320;Charles;White;33;1159.3;CharlesWhite9gmail.com;(+380)-23-868-9481;1;2;"The registered user made  6 sales for last 2 month.Total price:1159.3";4/15/2012
321;Joel;Lambert;41;2570.2;JoelLambert1gmail.com;(+380)-47-121-5985;1;2;"The registered user made  10 sales for last 10 month.Total price:2570.2";9/12/2009
322;Duane;Sims;28;7797.8;DuaneSims7gmail.com;(+380)-21-286-7942;1;3;"The unregistered user made sales for price:7797.8";9/22/2006
323;Damon;Kennedy;72;6167.5;DamonKennedy8gmail.com;(+380)-15-128-5325;1;3;"The unregistered user made sales for price:6167.5";11/22/2007
324;Ronald;Taylor;40;3359.1;RonaldTaylor8gmail.com;(+380)-18-816-9954;1;2;"The registered user made  6 sales for last 7 month.Total price:3359.1";2/10/2011
325;Thomas;Hoover;39;8127.5;ThomasHoover6gmail.com;(+380)-19-661-8486;1;2;"The registered user made  10 sales for last 11 month.Total price:8127.5";2/9/2008
326;John;Fowler;99;4096.5;JohnFowler3gmail.com;(+380)-12-576-7274;0;2;"The registered user made  9 sales for last 11 month.Total price:4096.5";11/9/2009
327;Samuel;Hines;34;4104.9;SamuelHines6gmail.com;(+380)-21-738-2166;1;2;"The registered user made  7 sales for last 8 month.Total price:4104.9";2/12/2014
328;Buck;Kelley;82;8383.6;BuckKelley1gmail.com;(+380)-37-273-5753;0;3;"The unregistered user made sales for price:8383.6";12/10/2000
329;Harry;Thornton;75;4164.1;HarryThornton2gmail.com;(+380)-33-682-4729;1;3;"The unregistered user made sales for price:4164.1";8/15/2008
330;Derrick;Gaines;49;8803.5;DerrickGaines7gmail.com;(+380)-26-899-8691;1;3;"The unregistered user made sales for price:8803.5";3/23/2001
331;Jerome;Ferguson;78;3856.8;JeromeFerguson4gmail.com;(+380)-15-159-7916;1;3;"The unregistered user made sales for price:3856.8";11/28/2015
332;Rodger;Harrell;91;5418.6;RodgerHarrell2gmail.com;(+380)-53-594-7898;0;2;"The registered user made  7 sales for last 11 month.Total price:5418.6";11/9/2005
333;Gordon;Atkins;78;9242.5;GordonAtkins7gmail.com;(+380)-29-595-2285;0;3;"The unregistered user made sales for price:9242.5";5/9/2007
334;Ethan;Parker;68;3507.2;EthanParker4gmail.com;(+380)-97-159-3121;0;3;"The unregistered user made sales for price:3507.2";3/2/2019
335;Donald;Lamb;76;9366.2;DonaldLamb6gmail.com;(+380)-57-389-5493;1;3;"The unregistered user made sales for price:9366.2";5/13/2018
336;Kelly;McCoy;73;6212.7;KellyMcCoy7gmail.com;(+380)-18-461-3675;0;2;"The registered user made  1 sales for last 12 month.Total price:6212.7";4/16/2020
337;Basil;Glenn;30;3303.2;BasilGlenn1gmail.com;(+380)-89-135-1691;0;2;"The registered user made  6 sales for last 1 month.Total price:3303.2";9/5/2000
338;Paul;Carroll;57;6275.2;PaulCarroll1gmail.com;(+380)-41-816-6949;0;3;"The unregistered user made sales for price:6275.2";1/14/2016
339;Jack;Armstrong;28;2543.2;JackArmstrong6gmail.com;(+380)-25-656-6514;1;2;"The registered user made  3 sales for last 6 month.Total price:2543.2";10/22/2008
340;Peter;Blake;43;4883.3;PeterBlake2gmail.com;(+380)-78-439-6247;0;3;"The unregistered user made sales for price:4883.3";12/8/2015
341;Ethan;Williamson;30;7911.5;EthanWilliamson6gmail.com;(+380)-51-411-4615;1;3;"The unregistered user made sales for price:7911.5";10/23/2014
342;Anthony;Osborne;96;945.5;AnthonyOsborne9gmail.com;(+380)-14-133-1135;1;2;"The registered user made  5 sales for last 2 month.Total price:945.5";4/14/2002
343;Michael;Evans;90;2792.6;MichaelEvans1gmail.com;(+380)-47-879-9592;0;3;"The unregistered user made sales for price:2792.6";4/5/2005
344;Donald;Floyd;55;1824.5;DonaldFloyd3gmail.com;(+380)-97-839-7492;0;3;"The unregistered user made sales for price:1824.5";12/23/2007
345;Peter;Lee;68;3043.4;PeterLee5gmail.com;(+380)-38-137-1852;0;2;"The registered user made  3 sales for last 7 month.Total price:3043.4";8/11/2018
346;Jacob;Nash;81;8676.1;JacobNash7gmail.com;(+380)-93-797-6178;1;2;"The registered user made  10 sales for last 2 month.Total price:8676.1";5/24/2013
347;Christopher;Dawson;89;3057.7;ChristopherDawson8gmail.com;(+380)-59-464-2135;1;2;"The registered user made  4 sales for last 2 month.Total price:3057.7";6/22/2012
348;Augustine;Harmon;60;4164.4;AugustineHarmon5gmail.com;(+380)-15-799-8763;0;3;"The unregistered user made sales for price:4164.4";11/8/2000
349;Noah;Benson;95;7771.9;NoahBenson4gmail.com;(+380)-93-383-8466;1;2;"The registered user made  7 sales for last 10 month.Total price:7771.9";11/25/2018
350;Kristopher;Long;31;7394.6;KristopherLong5gmail.com;(+380)-57-912-3297;0;3;"The unregistered user made sales for price:7394.6";2/21/2005
351;Brian;Sutton;97;1768.1;BrianSutton3gmail.com;(+380)-92-262-3684;1;3;"The unregistered user made sales for price:1768.1";7/18/2012
352;Benedict;Page;54;7434.1;BenedictPage9gmail.com;(+380)-93-249-7445;1;2;"The registered user made  10 sales for last 11 month.Total price:7434.1";11/7/2000
353;Thomas;Ryan;81;7674.9;ThomasRyan2gmail.com;(+380)-94-454-1947;0;3;"The unregistered user made sales for price:7674.9";10/20/2005
354;Brett;Hopkins;90;8471.8;BrettHopkins4gmail.com;(+380)-18-948-5358;0;3;"The unregistered user made sales for price:8471.8";9/17/2000
355;Buck;Melton;50;9099.9;BuckMelton6gmail.com;(+380)-11-739-5399;0;3;"The unregistered user made sales for price:9099.9";1/24/2013
356;Matthew;James;36;2035.6;MatthewJames7gmail.com;(+380)-31-458-8465;1;3;"The unregistered user made sales for price:2035.6";6/20/2016
357;Harry;Horn;19;4693.7;HarryHorn5gmail.com;(+380)-85-569-8813;1;2;"The registered user made  7 sales for last 11 month.Total price:4693.7";5/14/2018
358;Justin;Norris;39;8256.9;JustinNorris6gmail.com;(+380)-94-847-4741;0;3;"The unregistered user made sales for price:8256.9";8/2/2001
359;George;Richard;14;4999.4;GeorgeRichard4gmail.com;(+380)-85-982-4211;0;3;"The unregistered user made sales for price:4999.4";8/24/2011
360;Michael;Bradley;75;6430.1;MichaelBradley9gmail.com;(+380)-15-788-3813;1;3;"The unregistered user made sales for price:6430.1";9/8/2015
361;Thomas;Bruce;96;5086.4;ThomasBruce2gmail.com;(+380)-94-821-2441;1;2;"The registered user made  2 sales for last 3 month.Total price:5086.4";10/14/2016
362;Michael;Martin;62;4121.8;MichaelMartin4gmail.com;(+380)-91-686-4154;0;3;"The unregistered user made sales for price:4121.8";9/4/2010
363;Anthony;Thompson;79;4059.5;AnthonyThompson9gmail.com;(+380)-18-644-3698;1;2;"The registered user made  7 sales for last 11 month.Total price:4059.5";2/23/2020
364;Ronald;Heath;95;8088.4;RonaldHeath9gmail.com;(+380)-96-291-9629;1;2;"The registered user made  10 sales for last 2 month.Total price:8088.4";2/1/2006
365;Osborne;Oliver;45;6029.6;OsborneOliver7gmail.com;(+380)-73-685-7466;1;3;"The unregistered user made sales for price:6029.6";8/28/2013
366;Edward;Houston;17;1749.6;EdwardHouston3gmail.com;(+380)-76-615-8521;1;3;"The unregistered user made sales for price:1749.6";9/27/2020
367;Anthony;Paul;38;9448.6;AnthonyPaul8gmail.com;(+380)-58-729-6763;0;2;"The registered user made  8 sales for last 3 month.Total price:9448.6";10/6/2003
368;Patrick;Harris;36;5702.3;PatrickHarris8gmail.com;(+380)-37-934-6565;1;2;"The registered user made  10 sales for last 4 month.Total price:5702.3";12/17/2009
369;Elijah;Jenkins;23;8215.8;ElijahJenkins9gmail.com;(+380)-38-431-8735;0;2;"The registered user made  8 sales for last 12 month.Total price:8215.8";3/15/2004
370;Steven;Goodwin;41;6604.6;StevenGoodwin1gmail.com;(+380)-52-868-8572;1;3;"The unregistered user made sales for price:6604.6";7/11/2009
371;Giles;Payne;82;7591.1;GilesPayne3gmail.com;(+380)-68-123-2611;0;3;"The unregistered user made sales for price:7591.1";3/9/2001
372;John;Wright;35;4351.9;JohnWright3gmail.com;(+380)-13-138-7589;1;2;"The registered user made  9 sales for last 6 month.Total price:4351.9";10/14/2016
373;Blaze;Terry;57;2605.9;BlazeTerry3gmail.com;(+380)-29-297-5669;1;2;"The registered user made  2 sales for last 7 month.Total price:2605.9";8/15/2010
374;Christopher;Stafford;53;8652.4;ChristopherStafford4gmail.com;(+380)-27-534-2453;0;3;"The unregistered user made sales for price:8652.4";8/23/2014
375;Matthew;Lindsey;24;2246.7;MatthewLindsey4gmail.com;(+380)-27-395-8872;1;2;"The registered user made  0 sales for last 1 month.Total price:2246.7";2/23/2017
376;Paul;Fleming;79;470.1;PaulFleming3gmail.com;(+380)-83-952-1375;1;2;"The registered user made  2 sales for last 3 month.Total price:470.1";6/6/2006
377;Melvyn;Parrish;81;8215.8;MelvynParrish9gmail.com;(+380)-24-719-5377;0;2;"The registered user made  5 sales for last 8 month.Total price:8215.8";1/15/2005
378;Kenneth;Bell;59;827.6;KennethBell4gmail.com;(+380)-67-576-3395;1;3;"The unregistered user made sales for price:827.6";2/3/2001
379;Austin;Rogers;86;4510.3;AustinRogers1gmail.com;(+380)-58-555-6173;0;3;"The unregistered user made sales for price:4510.3";11/25/2017
380;Ethan;Robinson;54;8417.8;EthanRobinson6gmail.com;(+380)-94-351-3924;1;3;"The unregistered user made sales for price:8417.8";5/12/2014
381;John;Kelly;85;2230.8;JohnKelly7gmail.com;(+380)-77-296-8899;1;2;"The registered user made  6 sales for last 7 month.Total price:2230.8";8/8/2003
382;Paul;Todd;68;902.1;PaulTodd4gmail.com;(+380)-42-597-6125;0;2;"The registered user made  9 sales for last 11 month.Total price:902.1";1/5/2006
383;Edmund;Lambert;94;9056.7;EdmundLambert1gmail.com;(+380)-26-126-7152;1;3;"The unregistered user made sales for price:9056.7";6/5/2008
384;Noel;Freeman;43;5465.9;NoelFreeman7gmail.com;(+380)-97-615-6188;1;3;"The unregistered user made sales for price:5465.9";11/17/2003
385;Gyles;Hunt;46;2495.1;GylesHunt9gmail.com;(+380)-52-666-3338;1;2;"The registered user made  8 sales for last 10 month.Total price:2495.1";8/13/2010
386;Peter;Manning;61;3789.4;PeterManning8gmail.com;(+380)-86-891-4577;0;2;"The registered user made  6 sales for last 5 month.Total price:3789.4";5/26/2014
387;Ronald;Pope;19;9421.7;RonaldPope2gmail.com;(+380)-59-932-7724;0;2;"The registered user made  5 sales for last 12 month.Total price:9421.7";5/7/2010
388;Ethan;Barker;99;4267.6;EthanBarker6gmail.com;(+380)-31-357-3371;0;3;"The unregistered user made sales for price:4267.6";5/20/2000
389;Oliver;Copeland;64;9326.8;OliverCopeland5gmail.com;(+380)-27-552-5655;1;2;"The registered user made  10 sales for last 2 month.Total price:9326.8";3/6/2017
390;Nickolas;McKinney;80;828.9;NickolasMcKinney9gmail.com;(+380)-19-548-9157;0;3;"The unregistered user made sales for price:828.9";2/4/2002
391;Alan;Blankenship;83;7679.1;AlanBlankenship9gmail.com;(+380)-21-715-6634;1;2;"The registered user made  7 sales for last 1 month.Total price:7679.1";1/9/2007
392;Joseph;Flynn;27;2335.6;JosephFlynn6gmail.com;(+380)-55-282-1558;1;3;"The unregistered user made sales for price:2335.6";1/8/2007
393;Steven;Cummings;32;8394.5;StevenCummings7gmail.com;(+380)-35-596-5127;1;3;"The unregistered user made sales for price:8394.5";11/23/2002
394;Virgil;Watkins;45;4903.1;VirgilWatkins2gmail.com;(+380)-63-912-3417;0;3;"The unregistered user made sales for price:4903.1";6/12/2018
395;David;Lee;73;5331.4;DavidLee4gmail.com;(+380)-26-326-5666;0;3;"The unregistered user made sales for price:5331.4";11/8/2004
396;Simon;Francis;93;6297.9;SimonFrancis6gmail.com;(+380)-35-944-7888;0;3;"The unregistered user made sales for price:6297.9";8/11/2003
397;Adam;Carr;82;5049.4;AdamCarr3gmail.com;(+380)-14-272-7627;1;3;"The unregistered user made sales for price:5049.4";2/16/2005
398;Camron;Harvey;58;3674.6;CamronHarvey9gmail.com;(+380)-56-995-7769;1;2;"The registered user made  1 sales for last 9 month.Total price:3674.6";8/13/2012
399;Kenneth;Joseph;33;2019.7;KennethJoseph5gmail.com;(+380)-56-767-1598;1;3;"The unregistered user made sales for price:2019.7";12/17/2020
400;Brian;Curtis;95;3449.6;BrianCurtis3gmail.com;(+380)-43-854-4536;0;2;"The registered user made  9 sales for last 4 month.Total price:3449.6";10/7/2017
401;Stewart;Walton;16;738.5;StewartWalton9gmail.com;(+380)-46-258-5655;0;3;"The unregistered user made sales for price:738.5";4/2/2002
402;Miles;Farmer;52;1078.3;MilesFarmer8gmail.com;(+380)-62-872-5883;0;3;"The unregistered user made sales for price:1078.3";3/21/2002
403;Jayson;Hines;22;4137.8;JaysonHines2gmail.com;(+380)-72-646-4317;0;3;"The unregistered user made sales for price:4137.8";12/24/2003
404;Junior;Patterson;92;8512.9;JuniorPatterson9gmail.com;(+380)-15-827-5485;0;2;"The registered user made  8 sales for last 6 month.Total price:8512.9";10/4/2001
405;Edgar;Hoover;23;7348.1;EdgarHoover6gmail.com;(+380)-98-489-5554;0;2;"The registered user made  4 sales for last 11 month.Total price:7348.1";8/10/2010
406;William;Brien;23;1951.6;WilliamBrien3gmail.com;(+380)-16-258-6156;1;3;"The unregistered user made sales for price:1951.6";11/14/2000
407;Christopher;Small;83;6627.6;ChristopherSmall2gmail.com;(+380)-81-315-9354;1;2;"The registered user made  0 sales for last 11 month.Total price:6627.6";11/7/2002
408;Leonard;Hill;21;3435.3;LeonardHill5gmail.com;(+380)-52-276-5151;1;2;"The registered user made  7 sales for last 11 month.Total price:3435.3";6/9/2002
409;John;Harper;87;7449.1;JohnHarper3gmail.com;(+380)-35-368-9967;0;3;"The unregistered user made sales for price:7449.1";7/25/2008
410;Arnold;Watson;18;5660.5;ArnoldWatson6gmail.com;(+380)-35-375-7198;1;2;"The registered user made  7 sales for last 7 month.Total price:5660.5";5/10/2004
411;Rafe;Neal;47;4566.7;RafeNeal2gmail.com;(+380)-33-752-5961;0;3;"The unregistered user made sales for price:4566.7";3/27/2007
412;Paul;Little;54;7344.8;PaulLittle9gmail.com;(+380)-32-669-9256;0;2;"The registered user made  10 sales for last 5 month.Total price:7344.8";7/26/2008
413;William;Bond;27;3338.4;WilliamBond9gmail.com;(+380)-28-225-5178;0;2;"The registered user made  10 sales for last 2 month.Total price:3338.4";4/24/2012
414;Jacob;McCormick;86;6389.9;JacobMcCormick4gmail.com;(+380)-62-592-1527;1;3;"The unregistered user made sales for price:6389.9";10/14/2009
415;Thomas;Cross;50;5026.3;ThomasCross6gmail.com;(+380)-12-156-2218;0;3;"The unregistered user made sales for price:5026.3";9/4/2010
416;John;O?Neal?;45;3748.6;JohnO?Neal?7gmail.com;(+380)-82-289-9682;0;3;"The unregistered user made sales for price:3748.6";3/1/2008
417;George;Ross;31;5923.1;GeorgeRoss7gmail.com;(+380)-22-839-4316;0;2;"The registered user made  2 sales for last 12 month.Total price:5923.1";4/12/2019
418;William;Andrews;55;6603.1;WilliamAndrews9gmail.com;(+380)-52-621-4648;1;2;"The registered user made  10 sales for last 11 month.Total price:6603.1";2/13/2006
419;Rudolph;Bailey;42;1535.3;RudolphBailey3gmail.com;(+380)-79-149-2469;0;3;"The unregistered user made sales for price:1535.3";7/11/2017
420;Robert;Sharp;90;9094.1;RobertSharp7gmail.com;(+380)-95-234-5935;1;3;"The unregistered user made sales for price:9094.1";5/26/2013
421;Paul;Goodman;53;8392.3;PaulGoodman5gmail.com;(+380)-22-459-5393;1;3;"The unregistered user made sales for price:8392.3";6/19/2000
422;Donald;Fox;95;5979.9;DonaldFox8gmail.com;(+380)-97-356-3697;1;2;"The registered user made  10 sales for last 4 month.Total price:5979.9";10/15/2013
423;Barnard;Powell;29;5982.4;BarnardPowell7gmail.com;(+380)-37-712-2555;0;2;"The registered user made  8 sales for last 7 month.Total price:5982.4";3/15/2000
424;Mervin;Strickland;17;9402.4;MervinStrickland5gmail.com;(+380)-34-539-4888;1;3;"The unregistered user made sales for price:9402.4";7/10/2000
425;Thomas;Montgomery;62;5009.8;ThomasMontgomery7gmail.com;(+380)-92-324-8896;1;3;"The unregistered user made sales for price:5009.8";11/22/2000
426;Lucas;Ferguson;76;8232.8;LucasFerguson6gmail.com;(+380)-34-499-7843;1;2;"The registered user made  5 sales for last 6 month.Total price:8232.8";11/9/2014
427;Paul;Grant;47;6623.9;PaulGrant7gmail.com;(+380)-47-499-5219;1;2;"The registered user made  8 sales for last 4 month.Total price:6623.9";7/26/2013
428;Laurence;Fisher;85;5227.2;LaurenceFisher6gmail.com;(+380)-68-316-1184;1;2;"The registered user made  3 sales for last 10 month.Total price:5227.2";11/10/2013
429;Edward;Palmer;74;4169.7;EdwardPalmer4gmail.com;(+380)-61-153-3464;1;2;"The registered user made  5 sales for last 1 month.Total price:4169.7";10/24/2012
430;Clifton;Douglas;17;2936.3;CliftonDouglas1gmail.com;(+380)-58-673-1955;0;3;"The unregistered user made sales for price:2936.3";8/13/2020
431;Paul;Davidson;84;8512.3;PaulDavidson9gmail.com;(+380)-83-687-8953;1;2;"The registered user made  2 sales for last 3 month.Total price:8512.3";9/3/2008
432;Jerome;Nelson;83;6604.3;JeromeNelson5gmail.com;(+380)-69-855-7557;0;2;"The registered user made  10 sales for last 2 month.Total price:6604.3";9/20/2007
433;James;Austin;37;1382.1;JamesAustin4gmail.com;(+380)-71-634-8285;1;3;"The unregistered user made sales for price:1382.1";7/20/2001
434;Ronald;Logan;31;4999.7;RonaldLogan6gmail.com;(+380)-28-866-7391;1;2;"The registered user made  0 sales for last 12 month.Total price:4999.7";12/16/2006
435;Richard;Wiggins;72;4154.6;RichardWiggins3gmail.com;(+380)-61-216-3471;0;2;"The registered user made  3 sales for last 12 month.Total price:4154.6";10/2/2003
436;Duane;Maxwell;78;8553.1;DuaneMaxwell3gmail.com;(+380)-58-316-1126;0;3;"The unregistered user made sales for price:8553.1";12/19/2006
437;Baldwin;Warner;32;8018.7;BaldwinWarner6gmail.com;(+380)-76-278-4816;1;3;"The unregistered user made sales for price:8018.7";10/9/2000
438;Christopher;Barrett;19;8159.7;ChristopherBarrett3gmail.com;(+380)-32-382-9397;1;3;"The unregistered user made sales for price:8159.7";3/4/2007
439;Brian;Sanders;57;7464.3;BrianSanders7gmail.com;(+380)-69-199-3957;1;3;"The unregistered user made sales for price:7464.3";6/5/2015
440;David;Clark;18;1629.7;DavidClark5gmail.com;(+380)-29-383-7355;1;3;"The unregistered user made sales for price:1629.7";1/27/2005
441;Donald;McDowell;66;7949.2;DonaldMcDowell5gmail.com;(+380)-21-168-8655;0;3;"The unregistered user made sales for price:7949.2";12/5/2002
442;Eustace;Gibson;86;6212.8;EustaceGibson4gmail.com;(+380)-83-476-2631;1;3;"The unregistered user made sales for price:6212.8";5/8/2017
443;Scot;Doyle;49;7348.4;ScotDoyle8gmail.com;(+380)-19-837-5784;0;3;"The unregistered user made sales for price:7348.4";10/7/2007
444;Eric;Leonard;48;5975.5;EricLeonard6gmail.com;(+380)-28-485-9921;1;2;"The registered user made  8 sales for last 9 month.Total price:5975.5";9/23/2019
445;Oswin;Lane;28;3516.2;OswinLane4gmail.com;(+380)-41-751-3598;1;2;"The registered user made  6 sales for last 9 month.Total price:3516.2";5/16/2011
446;Buddy;Morris;52;7270.1;BuddyMorris2gmail.com;(+380)-33-629-2511;1;3;"The unregistered user made sales for price:7270.1";11/24/2004
447;Luke;Dickerson;29;8442.4;LukeDickerson9gmail.com;(+380)-67-761-8272;1;2;"The registered user made  8 sales for last 8 month.Total price:8442.4";2/15/2016
448;David;Moody;24;1016.8;DavidMoody2gmail.com;(+380)-42-431-8899;1;2;"The registered user made  10 sales for last 10 month.Total price:1016.8";12/6/2010
449;Denis;Burns;59;5432.4;DenisBurns3gmail.com;(+380)-93-645-1216;0;2;"The registered user made  1 sales for last 8 month.Total price:5432.4";3/10/2017
450;Edward;McDonald;90;4299.9;EdwardMcDonald2gmail.com;(+380)-64-327-6643;1;2;"The registered user made  7 sales for last 8 month.Total price:4299.9";3/1/2001
451;David;Gilmore;81;2431.3;DavidGilmore9gmail.com;(+380)-93-977-7717;0;3;"The unregistered user made sales for price:2431.3";2/11/2008
452;Ethan;Harrell;56;8508.2;EthanHarrell5gmail.com;(+380)-94-262-5479;1;3;"The unregistered user made sales for price:8508.2";4/6/2016
453;Noah;Briggs;82;6846.2;NoahBriggs6gmail.com;(+380)-21-368-7181;0;3;"The unregistered user made sales for price:6846.2";8/12/2020
454;Peter;Howard;82;6525.3;PeterHoward4gmail.com;(+380)-61-514-8488;1;2;"The registered user made  9 sales for last 8 month.Total price:6525.3";11/2/2019
455;Magnus;Mills;51;6940.3;MagnusMills3gmail.com;(+380)-99-917-4287;1;2;"The registered user made  3 sales for last 8 month.Total price:6940.3";5/9/2007
456;Gerard;Norton;72;5442.8;GerardNorton9gmail.com;(+380)-83-922-8394;1;3;"The unregistered user made sales for price:5442.8";6/19/2020
457;Erik;Rose;48;5420.1;ErikRose9gmail.com;(+380)-77-165-8882;1;2;"The registered user made  7 sales for last 5 month.Total price:5420.1";8/16/2020
458;Charles;Burke;45;1615.9;CharlesBurke6gmail.com;(+380)-64-861-2182;0;2;"The registered user made  9 sales for last 4 month.Total price:1615.9";5/25/2017
459;Paul;Hancock;61;6820.2;PaulHancock2gmail.com;(+380)-94-313-4948;1;2;"The registered user made  7 sales for last 6 month.Total price:6820.2";11/6/2012
460;Paul;Gray;87;6863.4;PaulGray3gmail.com;(+380)-65-594-7223;1;3;"The unregistered user made sales for price:6863.4";3/9/2006
461;Oliver;Parsons;69;1058.1;OliverParsons3gmail.com;(+380)-88-967-4327;0;3;"The unregistered user made sales for price:1058.1";11/26/2013
462;Nicholas;Carter;78;3887.6;NicholasCarter7gmail.com;(+380)-63-912-9396;0;3;"The unregistered user made sales for price:3887.6";2/11/2011
463;Donald;Green;38;1393.2;DonaldGreen1gmail.com;(+380)-61-927-3676;0;2;"The registered user made  1 sales for last 4 month.Total price:1393.2";1/15/2014
464;Jared;Tate;56;1789.7;JaredTate6gmail.com;(+380)-87-385-2289;0;3;"The unregistered user made sales for price:1789.7";10/7/2009
465;Aldous;Day;77;6043.2;AldousDay6gmail.com;(+380)-77-717-9996;0;2;"The registered user made  3 sales for last 12 month.Total price:6043.2";11/25/2013
466;Godwin;Griffith;22;7319.7;GodwinGriffith6gmail.com;(+380)-72-821-6211;0;3;"The unregistered user made sales for price:7319.7";9/18/2008
467;John;Preston;84;6680.4;JohnPreston6gmail.com;(+380)-67-648-3594;0;3;"The unregistered user made sales for price:6680.4";1/22/2007
468;Samuel;Singleton;68;8828.2;SamuelSingleton1gmail.com;(+380)-52-839-3199;1;3;"The unregistered user made sales for price:8828.2";12/4/2015
469;Kenneth;Harrison;36;4022.7;KennethHarrison2gmail.com;(+380)-89-535-2517;1;2;"The registered user made  10 sales for last 7 month.Total price:4022.7";7/10/2017
470;Robert;Jones;90;5186.7;RobertJones2gmail.com;(+380)-75-851-4379;1;3;"The unregistered user made sales for price:5186.7";4/25/2000
471;Joshua;Chapman;77;610.7;JoshuaChapman3gmail.com;(+380)-16-611-1233;1;3;"The unregistered user made sales for price:610.7";1/25/2020
472;Toby;Holland;75;7451.2;TobyHolland4gmail.com;(+380)-69-324-3345;0;2;"The registered user made  6 sales for last 12 month.Total price:7451.2";5/25/2008
473;Samuel;Merritt;59;3846.6;SamuelMerritt7gmail.com;(+380)-66-356-3269;0;2;"The registered user made  2 sales for last 5 month.Total price:3846.6";10/5/2015
474;Matthew;Johnston;89;8922.3;MatthewJohnston8gmail.com;(+380)-79-218-5763;1;2;"The registered user made  8 sales for last 5 month.Total price:8922.3";8/27/2020
475;Harvey;Brown;17;947.9;HarveyBrown3gmail.com;(+380)-64-344-8392;1;3;"The unregistered user made sales for price:947.9";12/5/2009
476;Walter;Webster;28;1992.4;WalterWebster4gmail.com;(+380)-85-594-7219;0;2;"The registered user made  2 sales for last 1 month.Total price:1992.4";4/15/2018
477;Robert;Blake;80;6952.5;RobertBlake2gmail.com;(+380)-15-376-1248;1;3;"The unregistered user made sales for price:6952.5";5/12/2003
478;George;Baldwin;47;6324.3;GeorgeBaldwin5gmail.com;(+380)-18-294-9159;0;3;"The unregistered user made sales for price:6324.3";2/14/2013
479;Paul;Lawrence;86;9476.9;PaulLawrence4gmail.com;(+380)-81-132-9442;0;3;"The unregistered user made sales for price:9476.9";12/6/2012
480;Antony;Atkins;65;2828.4;AntonyAtkins8gmail.com;(+380)-58-476-6518;0;2;"The registered user made  2 sales for last 12 month.Total price:2828.4";8/8/2012
481;Christopher;Skinner;22;1951.6;ChristopherSkinner9gmail.com;(+380)-27-715-3297;0;3;"The unregistered user made sales for price:1951.6";11/27/2017
482;John;Blair;24;3837.5;JohnBlair6gmail.com;(+380)-52-969-9949;1;2;"The registered user made  5 sales for last 3 month.Total price:3837.5";2/16/2000
483;Nathaniel;Ford;94;856.2;NathanielFord3gmail.com;(+380)-97-997-9559;0;3;"The unregistered user made sales for price:856.2";6/5/2015
484;Curtis;Potter;24;3314.8;CurtisPotter6gmail.com;(+380)-63-868-1496;0;2;"The registered user made  5 sales for last 11 month.Total price:3314.8";11/2/2001
485;Griffin;Garrison;72;2392.3;GriffinGarrison5gmail.com;(+380)-86-339-9923;0;2;"The registered user made  3 sales for last 4 month.Total price:2392.3";8/18/2004
486;Robert;King;94;3503.7;RobertKing3gmail.com;(+380)-53-159-6416;1;2;"The registered user made  9 sales for last 12 month.Total price:3503.7";2/21/2009
487;Jacob;Dawson;79;6323.4;JacobDawson8gmail.com;(+380)-81-344-8737;1;3;"The unregistered user made sales for price:6323.4";6/19/2009
488;Austen;Waters;67;6450.8;AustenWaters2gmail.com;(+380)-93-528-8497;1;3;"The unregistered user made sales for price:6450.8";3/20/2006
489;Lewis;Caldwell;65;1743.5;LewisCaldwell9gmail.com;(+380)-62-763-6265;1;3;"The unregistered user made sales for price:1743.5";11/4/2003
490;Jeffry;Gallagher;44;3649.1;JeffryGallagher3gmail.com;(+380)-23-212-7767;1;2;"The registered user made  4 sales for last 7 month.Total price:3649.1";11/26/2016
491;Cuthbert;Casey;79;6133.9;CuthbertCasey6gmail.com;(+380)-28-483-2287;0;2;"The registered user made  10 sales for last 6 month.Total price:6133.9";12/19/2006
